phase,context,task,metric,champion,champion_score,baseline,baseline_score,baseline_status
validation,post_qualifying,podium_model,pr_auc,LogisticRegression,0.6738138345669857,PrevalenceBaseline,0.1501043841336116,persisted_candidate
final_holdout,post_qualifying,podium_model,pr_auc,LogisticRegression,0.7831840528596943,PrevalenceBaseline,0.1506276150627615,persisted_candidate
validation,post_qualifying,position_gain_model,mae,ElasticNet,3.547906063977543,ZeroChangeBaseline,3.631563547795281,persisted_candidate
final_holdout,post_qualifying,position_gain_model,mae,ElasticNet,3.2354330550238712,ZeroChangeBaseline,3.3472803347280333,persisted_candidate
validation,post_qualifying,position_model,mae,LogisticAT,3.1748971974441704,QualifyingPositionBaseline,3.3990589612197133,persisted_candidate
final_holdout,post_qualifying,position_model,mae,LogisticAT,3.1129707112970717,QualifyingPositionBaseline,3.3430962343096238,persisted_candidate
validation,post_qualifying,top10_model,roc_auc,RandomForestClassifierCalibrated,0.858839690169093,PrevalenceBaseline,0.5,persisted_candidate
final_holdout,post_qualifying,top10_model,roc_auc,RandomForestClassifierCalibrated,0.8363970588235294,PrevalenceBaseline,0.5,persisted_candidate
validation,pre_qualifying,podium_model,pr_auc,RandomForestClassifierCalibrated,0.5454129984595828,PrevalenceBaseline,0.1520786040106297,persisted_candidate
final_holdout,pre_qualifying,podium_model,pr_auc,RandomForestClassifierCalibrated,0.5834483529221539,PrevalenceBaseline,0.1525423728813559,persisted_candidate
validation,pre_qualifying,position_gain_model,mae,ZeroChangeBaseline,3.6448686951254943,ZeroChangeBaseline,3.6448686951254943,persisted_candidate
final_holdout,pre_qualifying,position_gain_model,mae,ZeroChangeBaseline,3.3220338983050848,ZeroChangeBaseline,3.3220338983050848,persisted_candidate
validation,pre_qualifying,position_model,mae,LogisticAT,3.5939044467533656,MedianBaseline,5.008557509384782,persisted_candidate
final_holdout,pre_qualifying,position_model,mae,LogisticAT,3.7521186440677967,MedianBaseline,4.97457627118644,persisted_candidate
validation,pre_qualifying,top10_model,roc_auc,LGBMClassifier,0.8223360242500654,PrevalenceBaseline,0.5,persisted_candidate
final_holdout,pre_qualifying,top10_model,roc_auc,LGBMClassifier,0.7810260922656994,PrevalenceBaseline,0.5,persisted_candidate
